<?xml version="1.0" encoding="UTF-8"?>
<!DOCTYPE suite SYSTEM "http://testng.org/testng-1.0.dtd">
<suite name="CRM Application Suite">

	<listeners>

		<listener class-name="com.qa.ExtentReportListener.ExtentReporterNG" />

	</listeners>

	<test name="Free CRM App Test Cases">

		<classes>

			<class name="com.crm.qa.testcases.LoginPageTest" />
			<class name="com.crm.qa.testcases.HomePageTest" />
			<class name="com.crm.qa.testcases.ContactsPageTest" />

		</classes>

	</test>



</suite> 
 


 

